inSize, objectId
22603, o1517
23095, o1520
30750, o1523
10472, o19945
27924, o21105
32628, o21109
36226, o21113
97838, o21120
98647, o21121
101236, o21126
103975, o21127
39423, o21128
42459, o27145
21504, o32451
46434, o32934
11925, o34859
23164, o36012
21033, o36568
12165, o36569
11758, o36570
248590, o36780
26915, o44859
7891, o48041
37003, o4835
3759, o65942
5450, o65943
5555, o66069
71322, o69205
29104, o74550
26041, o74552
23574, o77316
10269, o84196
7125, o87948
12579, o88001
214290, o9911
